No. of Switches,2n(W/o Loops),2n (W Loops),sqnn (w/0 loops),sqnn (w loops)
10,14.5,4,21,4
15,,,37,13
20,28.7727272727,8,62,25
25,,,87,43
30,42.5,13.5,,53.5
35,,,,74
40,63.1818181818,22,,98.5
50,77.0454545455,34,,
60,93.5909090909,40.5,,
70,,50,,
80,,55,,
90,,62.5,,
100,,75,,
110,,81,,
120,,90,,
130,,100,,
140,,,,
150,,,,
